employee_id,employee_name,department_id,job_id,salary,hire_date
1,Kimberly Garza,10,4,45079,2021-06-12
2,Ronald Stephenson,9,10,92356,2021-11-09
3,Tiffany Snyder,9,3,57857,2022-02-07
4,Laura Flores,1,2,48956,2020-10-24
5,Leah Thomas,2,6,45454,2020-08-03
6,Michael Lee,8,9,95550,2023-01-06
7,Lisa Newton,4,1,93169,2023-06-12
8,Justin Michael,4,9,81129,2022-10-17
9,Richard Andrews,2,1,91568,2020-07-01
10,Jessica Reyes,1,5,64267,2022-12-15
11,Michelle Flores,7,8,51341,2023-10-01
12,Mrs. Katherine Mitchell,1,4,91130,2021-05-07
13,Kristy Lane,10,4,47781,2023-12-18
14,Ashley Reyes,5,8,84391,2020-01-18
15,Morgan Fischer,4,10,89315,2021-06-30
16,Casey Ford,8,6,40924,2023-11-07
17,Paul Garrett,4,2,61559,2022-05-21
18,Shannon Garcia,10,4,87289,2020-06-12
19,Cheyenne Fields,10,2,82795,2023-10-19
20,Ronald Kelley,8,7,59443,2023-07-06
21,Erika Roberts,9,6,85963,2022-04-14
22,Nathan Woods,10,6,62513,2021-01-16
23,Krystal Lucas,7,7,95130,2020-05-19
24,Karen Long MD,8,5,54450,2020-01-17
25,Linda Garcia,5,6,44119,2021-10-20
26,David Foster,5,3,88377,2023-08-08
27,Jonathan Chandler,9,10,81107,2022-07-12
28,Christopher Espinoza,1,4,50848,2021-10-08
29,David Marquez,3,6,74089,2022-05-20
30,Victoria Mendoza,8,1,64948,2022-02-27
31,Susan Villanueva,5,1,99120,2022-05-17
32,Michael Escobar,6,9,62990,2021-01-12
33,Samantha Pitts,10,1,99964,2022-05-19
34,Michael Johnson,5,3,94379,2023-07-09
35,Emma Stevens,9,7,88727,2023-10-03
36,Michael Davis,8,9,49496,2023-10-10
37,Billy Mahoney,1,9,97405,2022-06-08
38,Melanie Robinson,6,2,55469,2023-07-22
39,Justin Rodriguez,1,3,95100,2020-02-19
40,Jessica Graham,10,8,71046,2021-06-07
41,Peter Fischer,6,7,65044,2023-03-20
42,Mary Wright,8,6,61447,2023-06-23
43,Brittany Murphy,8,8,47945,2021-05-13
44,Jerry Fischer,8,9,44540,2023-08-24
45,Amy Cummings,6,6,43106,2023-11-04
46,Danielle Gilmore,2,9,96167,2022-11-04
47,Jeffrey Mitchell,2,5,99306,2023-11-19
48,Miss Laura Anderson,2,9,69323,2023-03-13
49,Ricardo Thomas,4,7,77944,2022-02-19
50,Daniel Mcintyre,10,6,78407,2020-09-04
51,David Gutierrez DVM,1,6,69361,2021-02-05
52,Allison Ross,5,10,88364,2020-12-22
53,Jennifer Warner,10,8,45423,2023-12-28
54,Caroline Grant,9,2,70978,2023-11-19
55,Jessica Anderson,8,2,65470,2023-09-13
56,Jeffrey Wilson,4,9,67009,2021-05-15
57,David Welch,8,3,98823,2020-01-28
58,Anthony Preston,5,8,48498,2021-07-11
59,Robert Palmer MD,6,6,84032,2021-10-28
60,Anthony Moore,10,9,76511,2022-11-04
61,Zachary Mccoy,10,8,95519,2023-05-25
62,Amanda Henson,10,6,68961,2022-08-12
63,Joshua Gardner,4,2,69049,2023-08-31
64,Jason Palmer,6,8,49141,2021-02-06
65,Heather Cabrera,6,9,69264,2021-09-22
66,Dr. Derrick Campbell,10,10,75383,2020-07-27
67,Luke Deleon Jr.,3,1,72914,2021-01-26
68,Tyler Jordan,10,6,73571,2023-06-29
69,Jeffrey Bridges,3,5,52252,2021-03-21
70,Amanda Harris,8,2,42871,2023-05-08
71,Frank Robinson,1,3,92479,2023-10-28
72,Leroy Johnson,2,6,41818,2022-01-30
73,Ryan Parsons,1,3,55361,2023-06-15
74,Corey Hurst,5,10,90525,2020-05-25
75,Sarah Carpenter,6,9,75303,2022-01-27
76,Brett Day,5,3,83086,2022-11-20
77,Brad Acosta,5,2,76664,2022-11-19
78,Danielle Olson,7,9,69244,2021-02-11
79,Danielle Montgomery,1,10,86989,2020-01-05
80,Kayla Nash,4,2,84373,2020-07-03
81,Marcus Kennedy,2,6,82642,2021-02-15
82,Danielle Washington,6,10,96057,2020-02-14
83,William Matthews,8,3,43252,2020-08-22
84,Christopher Carter,1,8,52273,2020-10-22
85,Steven Miller,6,1,82078,2022-08-31
86,Bianca Walton,10,2,85554,2020-01-25
87,Edward Weber,6,8,98935,2023-10-29
88,Jennifer Smith,6,2,79035,2022-01-24
89,Kelly Young,2,5,86694,2020-05-22
90,Christopher Hess,2,5,95921,2020-07-25
91,Mike Ramirez,8,8,63497,2020-02-21
92,Megan Mitchell,9,2,55020,2020-05-16
93,Tiffany Singleton,8,3,45867,2021-01-01
94,Lauren Jordan,9,5,44849,2023-04-29
95,Holly James,10,3,69805,2021-09-09
96,Dawn Bryant,6,3,73944,2023-11-08
97,Frederick Dixon,1,5,64681,2023-09-08
98,Jonathan Jones,5,4,86468,2021-09-27
99,Joseph Smith,4,2,86728,2021-11-30
100,Miguel Nguyen,10,5,96918,2023-09-17
